"","TA","SEA","SEAc","SEAb"
"Small",6.62411209723496,2.43233730335521,2.59449312357889,2.35490783487177
"Large",26.9208662477158,5.16198150958164,5.27669220979457,5.07274620802753
